"","chr","start","end","strand","pvalue","qvalue","meth.diff"
"4922","C20084",784,783,"+",4.5043523304393e-07,0.000723521969677003,100
"11753","C22384",1331,1330,"+",3.0592640634369e-07,0.000540064732186946,-100
"13290","C22628",1624,1623,"+",4.00617913069118e-07,0.000661900755920457,100
"55229","C26960",2379,2378,"+",4.91207387759113e-07,0.000774058030625284,100
"85764","C28982",4932,4931,"+",4.65675522883759e-08,0.000133979839679789,100
"106581","C29914",4054,4053,"+",6.98951223688852e-08,0.000181592937878392,-100
"106582","C29914",4055,4054,"+",6.3334844785763e-18,7.02075003495683e-13,-100
"108585","C29976",652,651,"+",7.98927711183157e-10,5.77579417486167e-06,-100
"115974","C30322",3485,3484,"+",1.18535587643139e-07,0.000269481607712966,-100
"115976","C30322",3602,3601,"+",1.92296598273177e-07,0.000385715592480511,-100
"177754","C32984",5073,5072,"+",4.98546736263789e-08,0.0001400467434149,-100
"193812","C33708",8310,8309,"+",1.03544322147095e-07,0.000243617467309552,100
"199938","C34158",8562,8561,"+",2.24346031318706e-07,0.000427815815562569,100
"202434","C34256",15596,15595,"+",9.98501748126939e-08,0.000237944504008117,100
"263295","scaffold100",645220,645219,"+",1.92296598273176e-07,0.000385715592480511,-100
"263896","scaffold100",676767,676766,"+",4.9925087406347e-08,0.0001400467434149,100
"293675","scaffold1004",438046,438045,"+",6.87650670708678e-09,3.05321560755839e-05,-100
"318653","scaffold1009",963656,963655,"+",1.92296598273176e-07,0.000385715592480511,100
"327649","scaffold1009",1445243,1445242,"+",1.44782753478406e-07,0.000314339045744086,-100
"341803","scaffold101",170458,170457,"+",6.4009217327295e-07,0.000936167644113461,100
"383832","scaffold1017",395468,395467,"+",1.29430402683869e-07,0.000288401446883955,100
"409234","scaffold102",107846,107845,"+",1.82363934074417e-09,1.08697733389702e-05,-100
"409259","scaffold102",108202,108201,"+",1.03544322147095e-07,0.000243617467309552,-100
"409263","scaffold102",108299,108298,"+",1.18535587643139e-07,0.000269481607712966,-100
"409270","scaffold102",108463,108462,"+",8.57042624783542e-10,6.11344181617215e-06,-100
"409271","scaffold102",108469,108468,"+",8.5704262478354e-10,6.11344181617215e-06,-100
"409287","scaffold102",108947,108946,"+",7.08614143832018e-09,3.12908409693056e-05,-100
"409301","scaffold102",109073,109072,"+",1.88262403903809e-07,0.000382073767409647,-100
"409346","scaffold102",110137,110136,"+",6.40705288381449e-07,0.000936354351600055,-100
"409394","scaffold102",110678,110677,"+",5.09877343906151e-07,0.00078534622281777,-100
"434844","scaffold102",1287051,1287050,"+",5.38802532492594e-10,4.19729057886436e-06,100
"450112","scaffold1021",40392,40391,"+",1.44782753478406e-07,0.000314339045744086,100
"450731","scaffold1021",65347,65346,"+",1.28934500757877e-08,4.97445278272816e-05,100
"459154","scaffold1021",484590,484589,"+",7.6201449199161e-08,0.000193138397011582,100
"463661","scaffold1021",749255,749254,"+",6.4009217327295e-07,0.000936167644113461,100
"467513","scaffold1024",215504,215503,"+",1.03544322147095e-07,0.000243617467309552,100
"482321","scaffold1024",810817,810816,"+",6.4009217327295e-07,0.000936167644113461,-100
"494425","scaffold1024",1308347,1308346,"+",2.67078608712745e-08,8.7728985422641e-05,100
"495049","scaffold1024",1343502,1343501,"+",4.00617913069118e-07,0.000661900755920457,100
"519522","scaffold1031",425968,425967,"+",1.92296598273177e-07,0.000385715592480511,100
"531243","scaffold1032",370267,370266,"+",1.03544322147095e-07,0.000243617467309552,100
"571271","scaffold1037",361691,361690,"+",8.57042624783542e-10,6.11344181617215e-06,-100
"571273","scaffold1037",361709,361708,"+",2.24346031318706e-07,0.000427815815562569,-100
"571374","scaffold1037",367556,367555,"+",4.98546736263789e-08,0.0001400467434149,-100
"584545","scaffold1045",80802,80801,"+",1.03544322147095e-07,0.000243617467309552,100
"584939","scaffold1045",101889,101888,"+",2.91539334264082e-12,5.62324759582194e-08,100
"595772","scaffold1050",80917,80916,"+",4.65675522883759e-08,0.000133979839679789,100
"598728","scaffold1050",212932,212931,"+",2.12118049633927e-09,1.231595364556e-05,100
"612711","scaffold1054",219086,219085,"+",2.67078608712745e-08,8.7728985422641e-05,100
"678831","scaffold107",1009660,1009659,"+",1.76765041361606e-09,1.06147773999975e-05,100
"679021","scaffold107",1026791,1026790,"+",1.92296598273177e-07,0.000385715592480511,-100
"691564","scaffold1077",447927,447926,"+",9.98501748126939e-08,0.000237944504008117,100
"691570","scaffold1077",447951,447950,"+",1.18102357305337e-08,4.67948484503996e-05,100
"707652","scaffold1083",126873,126872,"+",5.75246234150529e-08,0.000154667401949952,-100
"730129","scaffold1086",399470,399469,"+",1.88262403903809e-07,0.000382073767409647,-100
"731403","scaffold1086",483748,483747,"+",1.92296598273176e-07,0.000385715592480511,-100
"740420","scaffold109",149693,149692,"+",2.32983741229618e-07,0.000439794470806154,-100
"769023","scaffold1093",582197,582196,"+",2.12118049633927e-09,1.231595364556e-05,-100
"769025","scaffold1093",582199,582198,"+",2.12118049633927e-09,1.231595364556e-05,-100
"782284","scaffold1094",672950,672949,"+",1.03544322147095e-07,0.000243617467309552,-100
"792097","scaffold1097",273392,273391,"+",6.59698141281586e-12,1.14427529533717e-07,100
"808086","scaffold1098",65321,65320,"+",4.89482250149905e-07,0.000772222772959213,-100
"808087","scaffold1098",65327,65326,"+",3.0592640634369e-07,0.000540064732186946,-100
"818650","scaffold11",354196,354195,"+",1.9269331981397e-08,6.76703604657036e-05,100
"818651","scaffold11",354212,354211,"+",1.9269331981397e-08,6.76703604657036e-05,100
"824417","scaffold110",147531,147530,"+",3.32734195504199e-09,1.74245784489964e-05,100
"838787","scaffold1101",429444,429443,"+",1.03544322147095e-07,0.000243617467309552,100
"855520","scaffold1104",360966,360965,"+",3.21739452174234e-07,0.000560693105728317,-100
"862094","scaffold1107",10170,10169,"+",2.24346031318706e-07,0.000427815815562569,-100
"866670","scaffold1108",114176,114175,"+",5.09877343906151e-07,0.00078534622281777,-100
"871268","scaffold1108",243093,243092,"+",5.09877343906151e-07,0.00078534622281777,100
"875405","scaffold1108",487440,487439,"+",2.34079766894005e-07,0.000441517718022454,100
"888301","scaffold1116",120475,120474,"+",2.24346031318706e-07,0.000427815815562569,100
"892441","scaffold1117",38000,37999,"+",7.66994978867368e-08,0.000193274016586984,100
"892445","scaffold1117",38328,38327,"+",1.03417385089143e-10,1.13208150905582e-06,100
"900583","scaffold1123",230204,230203,"+",1.88262403903809e-07,0.000382073767409647,-100
"910104","scaffold1125",48052,48051,"+",1.92296598273176e-07,0.000385715592480511,100
"915227","scaffold1125",287733,287732,"+",3.30465553262125e-08,0.000102764607867965,100
"915228","scaffold1125",287781,287780,"+",2.6052657631605e-07,0.000477214586276416,100
"917043","scaffold1127",45027,45026,"+",9.53235953026983e-19,1.27681498379796e-13,100
"921856","scaffold1128",4986,4985,"+",4.98546736263789e-08,0.0001400467434149,-100
"944108","scaffold1132",108654,108653,"+",1.03544322147095e-07,0.000243617467309552,-100
"1027322","scaffold1154",154049,154048,"+",1.47353715151859e-08,5.4974412315267e-05,-100
"1027384","scaffold1154",156311,156310,"+",4.44801471759108e-08,0.000129324496696377,100
"1039652","scaffold1154",648539,648538,"+",1.76765041361606e-09,1.06147773999975e-05,100
"1071057","scaffold1160",55397,55396,"+",1.29430402683869e-07,0.000288401446883955,100
"1084762","scaffold1163",90277,90276,"+",1.18535587643139e-07,0.000269481607712966,-100
"1097471","scaffold1164",340306,340305,"+",5.38802532492594e-10,4.19729057886436e-06,-100
"1097475","scaffold1164",340328,340327,"+",6.87650670708678e-09,3.05321560755839e-05,-100
"1097477","scaffold1164",340337,340336,"+",1.76765041361606e-09,1.06147773999975e-05,-100
"1097479","scaffold1164",340360,340359,"+",8.57042624783542e-10,6.11344181617215e-06,-100
"1097481","scaffold1164",340368,340367,"+",5.65846675050137e-11,6.90982204806373e-07,-100
"1131418","scaffold1174",467121,467120,"+",9.98501748126939e-08,0.000237944504008117,-100
"1155072","scaffold1179",184429,184428,"+",9.64172952881484e-10,6.67842495446927e-06,100
"1163807","scaffold1179",523878,523877,"+",1.29430402683869e-07,0.000288401446883955,100
"1186803","scaffold1179",1334136,1334135,"+",5.09877343906151e-07,0.00078534622281777,-100
"1191623","scaffold1180",50202,50201,"+",3.32833916042312e-08,0.000103244495306191,-100
"1207851","scaffold1188",111823,111822,"+",1.03544322147095e-07,0.000243617467309552,100
"1212924","scaffold1188",465081,465080,"+",4.00617913069118e-07,0.000661900755920457,100
"1214909","scaffold1188",544059,544058,"+",4.98546736263789e-08,0.0001400467434149,-100
"1231086","scaffold1189",55493,55492,"+",4.98546736263789e-08,0.0001400467434149,-100
"1237733","scaffold1189",326893,326892,"+",1.07760506498519e-09,7.27256226260891e-06,-100
"1251295","scaffold1191",103587,103586,"+",2.67078608712745e-08,8.7728985422641e-05,-100
"1253750","scaffold1195",96868,96867,"+",2.89039979720955e-08,9.29793150251865e-05,100
"1260134","scaffold1199",128934,128933,"+",5.16697813210846e-09,2.43854232146254e-05,100
"1308115","scaffold121",369490,369489,"+",2.24346031318706e-07,0.000427815815562569,-100
"1310626","scaffold121",463842,463841,"+",1.1062728123291e-15,6.5453773274219e-11,100
"1312924","scaffold121",576396,576395,"+",4.5043523304393e-07,0.000723521969677003,100
"1330025","scaffold1210",179369,179368,"+",3.20046086636475e-07,0.000558549533594296,-100
"1339193","scaffold1213",85275,85274,"+",4.98546736263789e-08,0.0001400467434149,100
"1362958","scaffold1213",1067716,1067715,"+",3.77098754904759e-09,1.90506247648218e-05,-100
"1363234","scaffold1213",1083178,1083177,"+",2.1336405775765e-07,0.000412943303584464,100
"1363238","scaffold1213",1083209,1083208,"+",1.44782753478406e-07,0.000314339045744086,100
"1384653","scaffold1219",184143,184142,"+",1.28934500757877e-08,4.97445278272816e-05,-100
"1408990","scaffold122",225213,225212,"+",4.65675522883759e-08,0.000133979839679789,-100
"1429267","scaffold1222",46054,46053,"+",6.4009217327295e-07,0.000936167644113461,-100
"1433481","scaffold1222",268018,268017,"+",2.1336405775765e-07,0.000412943303584464,-100
"1433514","scaffold1222",271377,271376,"+",5.75246234150529e-08,0.000154667401949952,-100
"1459763","scaffold123",265689,265688,"+",4.53728448414814e-10,3.67713099452211e-06,100
"1484937","scaffold1237",135812,135811,"+",9.98501748126939e-08,0.000237944504008117,100
"1484939","scaffold1237",135816,135815,"+",2.1336405775765e-07,0.000412943303584464,100
"1487698","scaffold1241",17051,17050,"+",3.0592640634369e-07,0.000540064732186946,100
"1493147","scaffold1241",259573,259572,"+",1.29430402683869e-07,0.000288401446883955,100
"1497283","scaffold1242",4424,4423,"+",7.66994978867368e-08,0.000193274016586984,100
"1523684","scaffold1249",210766,210765,"+",3.28712133800302e-08,0.000102427160910004,100
"1567001","scaffold1258",236460,236459,"+",1.08036815489541e-08,4.36495135622212e-05,100
"1577266","scaffold1258",772676,772675,"+",1.92296598273176e-07,0.000385715592480511,-100
"1588080","scaffold126",579859,579858,"+",3.71569111196151e-12,6.91783018065566e-08,-100
"1588092","scaffold126",580184,580183,"+",4.00617913069118e-07,0.000661900755920457,-100
"1593503","scaffold1262",141658,141657,"+",4.65675522883759e-08,0.000133979839679789,100
"1599943","scaffold1262",392003,392002,"+",3.20046086636474e-07,0.000558549533594296,100
"1622564","scaffold1267",739109,739108,"+",4.00617913069118e-07,0.000661900755920457,-100
"1639294","scaffold1277",75343,75342,"+",5.99264097839035e-12,1.0530712802008e-07,-100
"1663445","scaffold1282",67301,67300,"+",1.03544322147095e-07,0.000243617467309552,-100
"1676967","scaffold1288",66854,66853,"+",1.16960137898436e-09,7.70471977462491e-06,-100
"1676969","scaffold1288",66883,66882,"+",1.16960137898436e-09,7.70471977462491e-06,-100
"1677656","scaffold1288",104657,104656,"+",6.7413165481736e-14,2.33023955571492e-09,100
"1702473","scaffold13",101815,101814,"+",1.03544322147095e-07,0.000243617467309552,-100
"1702474","scaffold13",101816,101815,"+",1.83058653823272e-08,6.50487316073486e-05,-100
"1720383","scaffold1301",565194,565193,"+",7.18403376656793e-10,5.28879973194309e-06,100
"1727515","scaffold1301",958703,958702,"+",1.22128574031655e-09,7.96359499867294e-06,-100
"1747609","scaffold1307",434981,434980,"+",1.59103669367912e-11,2.37892381509404e-07,100
"1747610","scaffold1307",434982,434981,"+",4.89482250149904e-07,0.000772222772959213,100
"1748222","scaffold1307",468126,468125,"+",3.20046086636474e-07,0.000558549533594296,100
"1753517","scaffold1307",625162,625161,"+",5.09877343906151e-07,0.00078534622281777,-100
"1793627","scaffold1316",417525,417524,"+",1.74469391473792e-09,1.05690568943263e-05,100
"1803903","scaffold132",23967,23966,"+",1.74469391473792e-09,1.05690568943263e-05,100
"1819168","scaffold1322",455786,455785,"+",6.87650670708678e-09,3.05321560755839e-05,-100
"1842157","scaffold1324",504842,504841,"+",7.75046719816269e-09,3.35183840203716e-05,100
"1946075","scaffold1357",18901,18900,"+",1.85886873709944e-07,0.000379936834231507,-100
"1954442","scaffold1358",264640,264639,"+",1.03544322147095e-07,0.000243617467309552,100
"1972846","scaffold1360",354116,354115,"+",1.9269331981397e-08,6.76703604657036e-05,-100
"1973684","scaffold1360",397606,397605,"+",3.30465553262125e-08,0.000102764607867965,-100
"1975758","scaffold1360",550684,550683,"+",3.80289590523184e-07,0.000637943449005109,100
"1975759","scaffold1360",550694,550693,"+",1.26763196841061e-07,0.000284835110929665,100
"1975760","scaffold1360",550711,550710,"+",4.2488428276559e-08,0.000124433978856536,100
"1975770","scaffold1360",550968,550967,"+",6.16082210010104e-07,0.000907797683641149,100
"2015186","scaffold1371",45058,45057,"+",3.56521491115484e-08,0.000108807463063599,-100
"2031168","scaffold1376",16802,16801,"+",4.9925087406347e-08,0.0001400467434149,100
"2064685","scaffold1389",19365,19364,"+",5.09877343906151e-07,0.00078534622281777,-100
"2107707","scaffold140",608427,608426,"+",2.24346031318706e-07,0.000427815815562569,-100
"2132390","scaffold1404",32654,32653,"+",4.00617913069118e-07,0.000661900755920457,100
"2140413","scaffold1409",74801,74800,"+",2.67078608712745e-08,8.7728985422641e-05,100
"2145186","scaffold1409",351504,351503,"+",1.26736751105663e-13,3.89253901835537e-09,-100
"2145286","scaffold1409",365019,365018,"+",3.47449712750085e-11,4.596470545804e-07,100
"2196554","scaffold1423",463300,463299,"+",1.88262403903809e-07,0.000382073767409647,100
"2199321","scaffold1423",581897,581896,"+",5.75246234150529e-08,0.000154667401949952,-100
"2237274","scaffold144",438259,438258,"+",2.46309729139471e-10,2.26231106901075e-06,-100
"2251779","scaffold1445",137641,137640,"+",4.98546736263789e-08,0.0001400467434149,-100
"2251789","scaffold1445",137925,137924,"+",1.9269331981397e-08,6.76703604657036e-05,-100
"2276795","scaffold145",388003,388002,"+",1.29430402683869e-07,0.000288401446883955,-100
"2281178","scaffold145",693015,693014,"+",4.89482250149904e-07,0.000772222772959213,100
"2288325","scaffold145",960696,960695,"+",5.09877343906151e-07,0.00078534622281777,100
"2292542","scaffold145",1157971,1157970,"+",1.76765041361606e-09,1.06147773999975e-05,100
"2306996","scaffold1459",117869,117868,"+",1.76765041361606e-09,1.06147773999975e-05,-100
"2324726","scaffold146",690364,690363,"+",1.47353715151859e-08,5.4974412315267e-05,-100
"2324756","scaffold146",693121,693120,"+",2.37432885843317e-12,4.73102847870336e-08,-100
"2336127","scaffold1462",240566,240565,"+",7.6201449199161e-08,0.000193138397011582,-100
"2413032","scaffold149",903353,903352,"+",7.75046719816269e-09,3.35183840203716e-05,100
"2420413","scaffold1490",204911,204910,"+",4.5043523304393e-07,0.000723521969677003,100
"2425972","scaffold1492",5118,5117,"+",4.5043523304393e-07,0.000723521969677003,-100
"2425973","scaffold1492",5119,5118,"+",4.00617913069118e-07,0.000661900755920457,-100
"2459569","scaffold150",802205,802204,"+",6.16082210010104e-07,0.000907797683641149,-100
"2467040","scaffold150",1059832,1059831,"+",5.75246234150529e-08,0.000154667401949952,100
"2483354","scaffold150",1706377,1706376,"+",2.89039979720955e-08,9.29793150251865e-05,-100
"2500663","scaffold1508",64121,64120,"+",3.32734195504199e-09,1.74245784489964e-05,-100
"2514273","scaffold1512",376176,376175,"+",3.20046086636474e-07,0.000558549533594296,100
"2515912","scaffold1512",497552,497551,"+",2.67078608712745e-08,8.7728985422641e-05,100
"2515918","scaffold1512",497783,497782,"+",8.35004385860535e-09,3.56951913297046e-05,-100
"2517286","scaffold1512",594695,594694,"+",5.75246234150529e-08,0.000154667401949952,-100
"2523960","scaffold1518",102337,102336,"+",5.75246234150529e-08,0.000154667401949952,100
"2563327","scaffold1525",191862,191861,"+",1.92296598273176e-07,0.000385715592480511,100
"2606309","scaffold1532",1264979,1264978,"+",3.92677465048562e-12,7.24092989401195e-08,-100
"2615534","scaffold1532",1613199,1613198,"+",3.0592640634369e-07,0.000540064732186946,100
"2674812","scaffold1559",79828,79827,"+",2.89039979720955e-08,9.29793150251865e-05,-100
"2674814","scaffold1559",79843,79842,"+",3.0592640634369e-07,0.000540064732186946,-100
"2683532","scaffold156",346168,346167,"+",1.29430402683869e-07,0.000288401446883955,-100
"2691067","scaffold156",672971,672970,"+",3.20046086636474e-07,0.000558549533594296,-100
"2696606","scaffold156",947863,947862,"+",6.4009217327295e-07,0.000936167644113461,-100
"2696783","scaffold156",957302,957301,"+",1.29430402683869e-07,0.000288401446883955,100
"2696935","scaffold156",962512,962511,"+",6.87650670708678e-09,3.05321560755839e-05,-100
"2696939","scaffold156",962564,962563,"+",1.88262403903809e-07,0.000382073767409647,-100
"2701782","scaffold1560",10914,10913,"+",3.20046086636474e-07,0.000558549533594296,-100
"2705555","scaffold1560",188438,188437,"+",6.40705288381449e-07,0.000936354351600055,-100
"2727433","scaffold157",293158,293157,"+",2.87874495931758e-09,1.54839925543873e-05,100
"2739880","scaffold1571",128744,128743,"+",4.98546736263789e-08,0.0001400467434149,100
"2814071","scaffold1584",317269,317268,"+",3.20046086636475e-07,0.000558549533594296,100
"2827379","scaffold1586",143144,143143,"+",5.38802532492594e-10,4.19729057886436e-06,100
"2863507","scaffold1597",63615,63614,"+",2.87083974841615e-09,1.54673521204354e-05,100
"2864606","scaffold1597",147867,147866,"+",6.4009217327295e-07,0.000936167644113461,-100
"2872830","scaffold1599",123485,123484,"+",1.16312927649195e-10,1.23266949273022e-06,-100
"2921837","scaffold1600",112307,112306,"+",1.18535587643139e-07,0.000269481607712966,100
"2938903","scaffold1603",184274,184273,"+",1.83058653823272e-08,6.50487316073486e-05,100
"2967564","scaffold1608",146855,146854,"+",5.09877343906151e-07,0.00078534622281777,100
"2998940","scaffold1616",195428,195427,"+",1.47353715151859e-08,5.4974412315267e-05,100
"2999060","scaffold1616",198916,198915,"+",4.98546736263792e-08,0.0001400467434149,100
"3014100","scaffold1625",44723,44722,"+",5.75246234150529e-08,0.000154667401949952,-100
"3041248","scaffold1630",207904,207903,"+",1.22128574031655e-09,7.96359499867294e-06,-100
"3045475","scaffold1631",15204,15203,"+",1.88262403903809e-07,0.000382073767409647,-100
"3100170","scaffold1644",11946,11945,"+",3.20046086636474e-07,0.000558549533594296,-100
"3142765","scaffold1662",57878,57877,"+",1.92296598273177e-07,0.000385715592480511,100
"3151836","scaffold1665",182988,182987,"+",5.09877343906151e-07,0.00078534622281777,-100
"3155069","scaffold1665",348572,348571,"+",1.15615991888382e-08,4.60556772318066e-05,100
"3158234","scaffold1670",78140,78139,"+",1.29430402683869e-07,0.000288401446883955,-100
"3158353","scaffold1670",82560,82559,"+",2.97814039500072e-11,4.0395744760592e-07,100
"3171594","scaffold1671",165300,165299,"+",3.28712133800302e-08,0.000102427160910004,100
"3173951","scaffold1671",247768,247767,"+",3.28712133800302e-08,0.000102427160910004,-100
"3174031","scaffold1671",250599,250598,"+",7.66994978867368e-08,0.000193274016586984,100
"3249706","scaffold169",775955,775954,"+",4.89482250149904e-07,0.000772222772959213,100
"3250763","scaffold1690",29962,29961,"+",2.67078608712745e-08,8.7728985422641e-05,-100
"3331200","scaffold1711",8685,8684,"+",3.0592640634369e-07,0.000540064732186946,100
"3358585","scaffold1715",426049,426048,"+",1.92296598273177e-07,0.000385715592480511,100
"3423116","scaffold1726",339154,339153,"+",7.08614143832018e-09,3.12908409693056e-05,100
"3424051","scaffold1726",371955,371954,"+",2.25468136673824e-08,7.69981935260662e-05,-100
"3452950","scaffold1735",25057,25056,"+",7.6201449199161e-08,0.000193138397011582,-100
"3496263","scaffold1741",97457,97456,"+",1.83058653823272e-08,6.50487316073486e-05,-100
"3560643","scaffold1750",400401,400400,"+",5.09877343906151e-07,0.00078534622281777,-100
"3579076","scaffold1753",224103,224102,"+",2.67078608712745e-08,8.7728985422641e-05,100
"3601317","scaffold1763",175233,175232,"+",8.57042624783542e-10,6.11344181617215e-06,100
"3655558","scaffold1774",66120,66119,"+",4.00617913069118e-07,0.000661900755920457,100
"3664029","scaffold1780",218461,218460,"+",2.55702325769859e-10,2.31985834340494e-06,-100
"3664031","scaffold1780",218466,218465,"+",5.39816021069701e-10,4.20179167444619e-06,-100
"3672298","scaffold1782",13254,13253,"+",1.70854743568386e-07,0.000355191628437667,-100
"3678513","scaffold1785",161618,161617,"+",3.77098754904759e-09,1.90506247648218e-05,100
"3699011","scaffold1786",135707,135706,"+",1.92296598273176e-07,0.000385715592480511,-100
"3706098","scaffold1788",295448,295447,"+",2.24346031318706e-07,0.000427815815562569,-100
"3708374","scaffold1788",422796,422795,"+",3.0592640634369e-07,0.000540064732186946,100
"3730373","scaffold1794",46924,46923,"+",3.28712133800302e-08,0.000102427160910004,-100
"3756614","scaffold1800",57864,57863,"+",3.0592640634369e-07,0.000540064732186946,100
"3765733","scaffold1801",13183,13182,"+",1.29430402683869e-07,0.000288401446883955,-100
"3765811","scaffold1801",18660,18659,"+",1.92296598273176e-07,0.000385715592480511,-100
"3776292","scaffold1803",237782,237781,"+",1.03544322147095e-07,0.000243617467309552,-100
"3776433","scaffold1803",248668,248667,"+",2.25468136673824e-08,7.69981935260662e-05,100
"3784021","scaffold1804",202386,202385,"+",2.89039979720955e-08,9.29793150251865e-05,100
"3828325","scaffold1816",276873,276872,"+",3.56521491115484e-08,0.000108807463063599,-100
"3831768","scaffold1817",108985,108984,"+",1.45088891038496e-11,2.19317625581077e-07,100
"3831974","scaffold1817",111417,111416,"+",5.75246234150529e-08,0.000154667401949952,100
"3839866","scaffold1821",146024,146023,"+",7.08614143832018e-09,3.12908409693056e-05,-100
"3862025","scaffold1827",117298,117297,"+",4.65675522883759e-08,0.000133979839679789,-100
"3921551","scaffold1836",428128,428127,"+",3.28712133800302e-08,0.000102427160910004,-100
"3921558","scaffold1836",428482,428481,"+",2.63414571440824e-10,2.36095427934634e-06,-100
"3921572","scaffold1836",429540,429539,"+",1.92296598273176e-07,0.000385715592480511,-100
"3921573","scaffold1836",429557,429556,"+",5.09877343906151e-07,0.00078534622281777,-100
"3925254","scaffold1836",556736,556735,"+",7.6201449199161e-08,0.000193138397011582,-100
"3947191","scaffold1838",291659,291658,"+",4.98546736263789e-08,0.0001400467434149,-100
"3964835","scaffold1842",47513,47512,"+",1.03544322147095e-07,0.000243617467309552,-100
"3965514","scaffold1843",15683,15682,"+",5.09877343906151e-07,0.00078534622281777,100
"3965717","scaffold1843",28006,28005,"+",2.67078608712745e-08,8.7728985422641e-05,100
"3965766","scaffold1843",28748,28747,"+",1.06789691124659e-10,1.15587715195954e-06,100
"3966364","scaffold1843",64056,64055,"+",4.89482250149904e-07,0.000772222772959213,100
"3984271","scaffold1847",47556,47555,"+",1.16960137898436e-09,7.70471977462491e-06,100
"3986167","scaffold1848",64063,64062,"+",1.83058653823272e-08,6.50487316073486e-05,100
"3995028","scaffold1850",54711,54710,"+",2.24346031318706e-07,0.000427815815562569,-100
"3998165","scaffold1850",196442,196441,"+",4.53728448414814e-10,3.67713099452211e-06,100
"4014477","scaffold1857",95862,95861,"+",1.28934500757877e-08,4.97445278272816e-05,100
"4020260","scaffold1857",374228,374227,"+",7.08614143832018e-09,3.12908409693056e-05,-100
"4022361","scaffold1857",507444,507443,"+",4.00617913069118e-07,0.000661900755920457,-100
"4027231","scaffold1858",56409,56408,"+",4.00617913069118e-07,0.000661900755920457,100
"4047281","scaffold1860",157303,157302,"+",1.92296598273176e-07,0.000385715592480511,-100
"4090928","scaffold1866",163488,163487,"+",8.34185091924526e-09,3.56951913297046e-05,-100
"4135169","scaffold1874",16514,16513,"+",1.92296598273176e-07,0.000385715592480511,100
"4232513","scaffold189",72400,72399,"+",2.89039979720955e-08,9.29793150251865e-05,100
"4248261","scaffold1890",109477,109476,"+",1.47353715151859e-08,5.4974412315267e-05,100
"4252216","scaffold1891",14473,14472,"+",4.5043523304393e-07,0.000723521969677003,100
"4290722","scaffold1896",328700,328699,"+",6.87650670708678e-09,3.05321560755839e-05,100
"4292922","scaffold1896",394525,394524,"+",1.92296598273177e-07,0.000385715592480511,100
"4331232","scaffold1899",231523,231522,"+",2.67078608712745e-08,8.7728985422641e-05,100
"4345699","scaffold190",229433,229432,"+",3.28712133800302e-08,0.000102427160910004,100
"4358787","scaffold1901",8217,8216,"+",1.44782753478406e-07,0.000314339045744086,-100
"4386041","scaffold192",316934,316933,"+",4.00617913069118e-07,0.000661900755920457,-100
"4386042","scaffold192",316935,316934,"+",4.00617913069118e-07,0.000661900755920457,-100
"4386058","scaffold192",317721,317720,"+",3.934113729311e-09,1.97505683948644e-05,-100
"4411828","scaffold194",157905,157904,"+",3.0788716142434e-10,2.67502998024921e-06,-100
"4411925","scaffold194",163351,163350,"+",5.09877343906151e-07,0.00078534622281777,100
"4412311","scaffold194",184470,184469,"+",1.15615991888382e-08,4.60556772318066e-05,-100
"4453764","scaffold20",110825,110824,"+",4.4288383989501e-09,2.16153835643229e-05,100
"4456933","scaffold20",260405,260404,"+",1.74469391473792e-09,1.05690568943263e-05,-100
"4465204","scaffold20",583892,583891,"+",1.9269331981397e-08,6.76703604657036e-05,-100
"4465207","scaffold20",584078,584077,"+",4.00617913069118e-07,0.000661900755920457,-100
"4465209","scaffold20",584080,584079,"+",4.00617913069118e-07,0.000661900755920457,-100
"4499578","scaffold204",531368,531367,"+",1.92296598273176e-07,0.000385715592480511,100
"4504815","scaffold204",733895,733894,"+",2.67078608712745e-08,8.7728985422641e-05,-100
"4546039","scaffold210",336514,336513,"+",4.98546736263789e-08,0.0001400467434149,-100
"4552797","scaffold211",216559,216558,"+",1.29430402683869e-07,0.000288401446883955,100
"4567225","scaffold211",754718,754717,"+",3.32833916042312e-08,0.000103244495306191,-100
"4604739","scaffold219",423809,423808,"+",4.89482250149904e-07,0.000772222772959213,100
"4609798","scaffold22",188987,188986,"+",4.00617913069118e-07,0.000661900755920457,100
"4609812","scaffold22",189101,189100,"+",1.44782753478406e-07,0.000314339045744086,100
"4610024","scaffold22",201812,201811,"+",6.4009217327295e-07,0.000936167644113461,-100
"4612141","scaffold22",284971,284970,"+",4.9925087406347e-08,0.0001400467434149,100
"4640274","scaffold22",1435932,1435931,"+",6.00565534780156e-12,1.0530712802008e-07,100
"4646824","scaffold22",1678762,1678761,"+",1.22128574031655e-09,7.96359499867294e-06,100
"4696063","scaffold227",187562,187561,"+",3.0592640634369e-07,0.000540064732186946,100
"4722922","scaffold237",270326,270325,"+",1.15615991888382e-08,4.60556772318066e-05,100
"4760004","scaffold242",111956,111955,"+",5.09877343906151e-07,0.00078534622281777,100
"4801770","scaffold257",104864,104863,"+",5.67534430367249e-11,6.91078027631777e-07,100
"4801777","scaffold257",105154,105153,"+",3.28712133800302e-08,0.000102427160910004,100
"4801779","scaffold257",105189,105188,"+",3.0592640634369e-07,0.000540064732186946,100
"4802401","scaffold257",134903,134902,"+",5.75246234150529e-08,0.000154667401949952,100
"4842554","scaffold258",263615,263614,"+",5.09877343906151e-07,0.00078534622281777,100
"4849532","scaffold258",549093,549092,"+",3.77098754904759e-09,1.90506247648218e-05,100
"4910066","scaffold272",26814,26813,"+",4.89482250149905e-07,0.000772222772959213,100
"4964709","scaffold280",909461,909460,"+",6.87650670708678e-09,3.05321560755839e-05,-100
"4968689","scaffold281",119861,119860,"+",2.89039979720955e-08,9.29793150251865e-05,100
"4994941","scaffold288",403111,403110,"+",2.24346031318706e-07,0.000427815815562569,-100
"4999486","scaffold288",633293,633292,"+",1.76765041361606e-09,1.06147773999975e-05,100
"4999636","scaffold288",637827,637826,"+",3.0592640634369e-07,0.000540064732186946,-100
"5052529","scaffold3",223883,223882,"+",1.92296598273176e-07,0.000385715592480511,-100
"5064008","scaffold3",885909,885908,"+",6.46358656807143e-11,7.69015531649456e-07,100
"5064585","scaffold3",909529,909528,"+",2.89039979720955e-08,9.29793150251865e-05,-100
"5073201","scaffold3",1335822,1335821,"+",2.1336405775765e-07,0.000412943303584464,-100
"5073202","scaffold3",1335829,1335828,"+",4.9925087406347e-08,0.0001400467434149,-100
"5082548","scaffold301",269283,269282,"+",1.92296598273177e-07,0.000385715592480511,100
"5100320","scaffold301",1064034,1064033,"+",3.28712133800302e-08,0.000102427160910004,100
"5113463","scaffold304",368566,368565,"+",3.0592640634369e-07,0.000540064732186946,100
"5133320","scaffold308",100789,100788,"+",1.47353715151859e-08,5.4974412315267e-05,-100
"5133330","scaffold308",100989,100988,"+",2.59288357174899e-08,8.60493232261712e-05,-100
"5133449","scaffold308",108212,108211,"+",2.24346031318706e-07,0.000427815815562569,-100
"5169897","scaffold313",752983,752982,"+",1.92296598273176e-07,0.000385715592480511,100
"5190901","scaffold315",221770,221769,"+",2.67078608712745e-08,8.7728985422641e-05,-100
"5199918","scaffold315",585288,585287,"+",6.87650670708678e-09,3.05321560755839e-05,-100
"5200482","scaffold315",610947,610946,"+",3.0592640634369e-07,0.000540064732186946,-100
"5218296","scaffold321",20750,20749,"+",1.47353715151859e-08,5.4974412315267e-05,100
"5222671","scaffold321",318845,318844,"+",4.00617913069118e-07,0.000661900755920457,100
"5234616","scaffold32282",11072,11071,"+",3.32833916042312e-08,0.000103244495306191,-100
"5266026","scaffold33074",1059,1058,"+",2.39678313354947e-09,1.34231871589991e-05,-100
"5298273","scaffold334",506326,506325,"+",1.29430402683869e-07,0.000288401446883955,100
"5300828","scaffold334",629207,629206,"+",5.75246234150529e-08,0.000154667401949952,100
"5347994","scaffold337",757489,757488,"+",4.00617913069118e-07,0.000661900755920457,100
"5403535","scaffold34088",7648,7647,"+",5.65846675050139e-11,6.90982204806373e-07,-100
"5404573","scaffold341",26943,26942,"+",4.89482250149905e-07,0.000772222772959213,100
"5406866","scaffold34202",5516,5515,"+",5.09877343906151e-07,0.00078534622281777,100
"5411951","scaffold343",242086,242085,"+",7.6201449199161e-08,0.000193138397011582,100
"5433280","scaffold34682",10340,10339,"+",3.28712133800302e-08,0.000102427160910004,100
"5433288","scaffold34682",10479,10478,"+",4.4288383989501e-09,2.16153835643229e-05,100
"5439051","scaffold347",222338,222337,"+",4.98546736263792e-08,0.0001400467434149,100
"5439052","scaffold347",222339,222338,"+",1.9269331981397e-08,6.76703604657036e-05,100
"5450825","scaffold34756",3728,3727,"+",5.67534430367249e-11,6.91078027631777e-07,-100
"5458884","scaffold348",341830,341829,"+",1.03544322147095e-07,0.000243617467309552,100
"5513329","scaffold35286",17334,17333,"+",1.28934500757877e-08,4.97445278272816e-05,100
"5525873","scaffold354",290361,290360,"+",7.18403376656793e-10,5.28879973194309e-06,-100
"5525874","scaffold354",290382,290381,"+",7.18403376656793e-10,5.28879973194309e-06,-100
"5525875","scaffold354",290390,290389,"+",1.76765041361606e-09,1.06147773999975e-05,-100
"5531515","scaffold354",512370,512369,"+",2.89039979720955e-08,9.29793150251865e-05,100
"5532942","scaffold354",581507,581506,"+",7.20245436596937e-08,0.000185229135774261,-100
"5555051","scaffold35586",3620,3619,"+",9.98501748126939e-08,0.000237944504008117,-100
"5556422","scaffold35616",10035,10034,"+",7.20245436596937e-08,0.000185229135774261,100
"5591945","scaffold36006",22508,22507,"+",1.88262403903809e-07,0.000382073767409647,100
"5591947","scaffold36006",22510,22509,"+",1.88262403903809e-07,0.000382073767409647,100
"5597342","scaffold36094",11681,11680,"+",1.29430402683869e-07,0.000288401446883955,-100
"5601470","scaffold361",158648,158647,"+",2.55702325769859e-10,2.31985834340494e-06,-100
"5606140","scaffold361",302336,302335,"+",2.63414571440824e-10,2.36095427934634e-06,-100
"5619032","scaffold36158",9591,9590,"+",5.09877343906151e-07,0.00078534622281777,-100
"5619034","scaffold36158",9597,9596,"+",4.00617913069118e-07,0.000661900755920457,-100
"5632358","scaffold363",145590,145589,"+",4.89482250149905e-07,0.000772222772959213,100
"5641601","scaffold36314",20830,20829,"+",4.98546736263789e-08,0.0001400467434149,100
"5661479","scaffold364",565790,565789,"+",3.0592640634369e-07,0.000540064732186946,100
"5671017","scaffold36462",28209,28208,"+",1.18535587643139e-07,0.000269481607712966,-100
"5685732","scaffold365",433881,433880,"+",1.43814957926774e-28,1.12925760047028e-22,-100
"5710292","scaffold36674",34217,34216,"+",7.66994978867368e-08,0.000193274016586984,-100
"5743078","scaffold36862",13744,13743,"+",1.03544322147095e-07,0.000243617467309552,-100
"5745500","scaffold36886",29772,29771,"+",1.29430402683869e-07,0.000288401446883955,100
"5754498","scaffold36928",26371,26370,"+",2.1336405775765e-07,0.000412943303584464,100
"5772802","scaffold370",420532,420531,"+",1.92296598273177e-07,0.000385715592480511,-100
"5777610","scaffold370",652933,652932,"+",2.89039979720955e-08,9.29793150251865e-05,100
"5787059","scaffold37002",18894,18893,"+",5.09877343906151e-07,0.00078534622281777,100
"5787087","scaffold37002",20789,20788,"+",1.28934500757877e-08,4.97445278272816e-05,100
"5859342","scaffold376",270160,270159,"+",4.00617913069118e-07,0.000661900755920457,-100
"5864832","scaffold376",491559,491558,"+",3.0592640634369e-07,0.000540064732186946,-100
"5877112","scaffold377",122497,122496,"+",5.09877343906151e-07,0.00078534622281777,100
"5879945","scaffold377",257678,257677,"+",4.84841256306119e-09,2.32860546445934e-05,100
"5879947","scaffold377",257699,257698,"+",2.25468136673824e-08,7.69981935260662e-05,100
"5879949","scaffold377",257722,257721,"+",1.9269331981397e-08,6.76703604657036e-05,100
"5879951","scaffold377",257724,257723,"+",1.15615991888382e-08,4.60556772318066e-05,100
"5879969","scaffold377",258018,258017,"+",4.9925087406347e-08,0.0001400467434149,100
"5879971","scaffold377",258034,258033,"+",4.9925087406347e-08,0.0001400467434149,100
"5879988","scaffold377",258387,258386,"+",3.0592640634369e-07,0.000540064732186946,100
"5910016","scaffold378",421495,421494,"+",4.5043523304393e-07,0.000723521969677003,-100
"5915999","scaffold37844",38530,38529,"+",3.20046086636475e-07,0.000558549533594296,-100
"5916000","scaffold37844",38535,38534,"+",1.44782753478406e-07,0.000314339045744086,-100
"5979881","scaffold38256",51292,51291,"+",2.24346031318706e-07,0.000427815815562569,-100
"5995779","scaffold383",350177,350176,"+",4.49640804735403e-11,5.66845018174581e-07,100
"6001085","scaffold383",677862,677861,"+",1.03544322147095e-07,0.000243617467309552,-100
"6038950","scaffold38510",48979,48978,"+",6.28718527833489e-11,7.54154389124986e-07,100
"6055680","scaffold386",309576,309575,"+",1.03544322147095e-07,0.000243617467309552,100
"6058002","scaffold38626",7335,7334,"+",3.0592640634369e-07,0.000540064732186946,-100
"6058004","scaffold38626",7338,7337,"+",4.00617913069118e-07,0.000661900755920457,-100
"6067452","scaffold38688",32548,32547,"+",6.98951223688852e-08,0.000181592937878392,-100
"6128437","scaffold38944",14016,14015,"+",4.98546736263792e-08,0.0001400467434149,-100
"6128701","scaffold38944",28632,28631,"+",7.66994978867368e-08,0.000193274016586984,-100
"6163414","scaffold39142",58114,58113,"+",2.67078608712745e-08,8.7728985422641e-05,100
"6163482","scaffold39142",61769,61768,"+",8.57042624783542e-10,6.11344181617215e-06,100
"6163483","scaffold39142",61770,61769,"+",1.28327646230176e-15,7.45542135583698e-11,100
"6164202","scaffold39156",23072,23071,"+",1.44782753478406e-07,0.000314339045744086,-100
"6171906","scaffold39198",59295,59294,"+",4.9925087406347e-08,0.0001400467434149,100
"6171908","scaffold39198",59327,59326,"+",1.44782753478406e-07,0.000314339045744086,100
"6171910","scaffold39198",59333,59332,"+",3.20046086636475e-07,0.000558549533594296,100
"6171912","scaffold39198",59350,59349,"+",4.96029900682415e-08,0.0001400467434149,100
"6171916","scaffold39198",59388,59387,"+",2.59288357174899e-08,8.60493232261712e-05,100
"6177012","scaffold392",258126,258125,"+",1.12698432468937e-11,1.77014791208646e-07,100
"6242579","scaffold39368",14368,14367,"+",5.75246234150529e-08,0.000154667401949952,100
"6255212","scaffold394",341190,341189,"+",1.44782753478406e-07,0.000314339045744086,-100
"6255213","scaffold394",341191,341190,"+",3.20046086636474e-07,0.000558549533594296,-100
"6288577","scaffold39522",34818,34817,"+",4.89482250149904e-07,0.000772222772959213,100
"6290286","scaffold39524",19255,19254,"+",3.32734195504199e-09,1.74245784489964e-05,100
"6291498","scaffold39526",4709,4708,"+",1.88262403903809e-07,0.000382073767409647,100
"6311352","scaffold396",277288,277287,"+",1.15615991888382e-08,4.60556772318066e-05,100
"6322830","scaffold39634",24047,24046,"+",3.0592640634369e-07,0.000540064732186946,100
"6475636","scaffold40184",33719,33718,"+",1.18535587643139e-07,0.000269481607712966,-100
"6475660","scaffold40184",34041,34040,"+",5.16697813210846e-09,2.43854232146254e-05,-100
"6489584","scaffold402",456622,456621,"+",4.98546736263789e-08,0.0001400467434149,100
"6538199","scaffold40420",27337,27336,"+",1.9269331981397e-08,6.76703604657036e-05,100
"6545377","scaffold40442",82013,82012,"+",2.23826155077683e-12,4.51588621486177e-08,-100
"6548468","scaffold40456",40316,40315,"+",1.18102357305337e-08,4.67948484503996e-05,100
"6558226","scaffold40548",28955,28954,"+",1.44782753478406e-07,0.000314339045744086,100
"6559106","scaffold40548",66362,66361,"+",5.09877343906151e-07,0.00078534622281777,100
"6578985","scaffold406",432221,432220,"+",4.00617913069118e-07,0.000661900755920457,-100
"6632747","scaffold408",405122,405121,"+",2.89039979720955e-08,9.29793150251865e-05,-100
"6633782","scaffold408",447613,447612,"+",6.4009217327295e-07,0.000936167644113461,-100
"6633792","scaffold408",448074,448073,"+",1.74469391473792e-09,1.05690568943263e-05,-100
"6633796","scaffold408",448161,448160,"+",1.03544322147095e-07,0.000243617467309552,-100
"6636504","scaffold408",530376,530375,"+",3.80289590523184e-07,0.000637943449005109,-100
"6668471","scaffold40910",80702,80701,"+",4.96029900682415e-08,0.0001400467434149,-100
"6668568","scaffold40910",86128,86127,"+",5.16697813210846e-09,2.43854232146254e-05,-100
"6670560","scaffold40916",62876,62875,"+",3.0592640634369e-07,0.000540064732186946,100
"6671456","scaffold40928",10212,10211,"+",1.29430402683869e-07,0.000288401446883955,100
"6671457","scaffold40928",10221,10220,"+",5.75246234150529e-08,0.000154667401949952,100
"6671871","scaffold40928",58682,58681,"+",3.97759173419781e-11,5.08081410839623e-07,100
"6673610","scaffold40938",40080,40079,"+",1.44782753478406e-07,0.000314339045744086,-100
"6687389","scaffold40980",79342,79341,"+",5.16697813210846e-09,2.43854232146254e-05,-100
"6692795","scaffold410",35961,35960,"+",2.89039979720955e-08,9.29793150251865e-05,100
"6723877","scaffold41136",51041,51040,"+",1.03544322147095e-07,0.000243617467309552,100
"6736784","scaffold412",273985,273984,"+",8.35004385860535e-09,3.56951913297046e-05,100
"6754638","scaffold41220",19290,19289,"+",3.21739452174234e-07,0.000560693105728317,100
"6764208","scaffold41296",48232,48231,"+",4.00617913069118e-07,0.000661900755920457,100
"6803153","scaffold41400",58349,58348,"+",5.09877343906151e-07,0.00078534622281777,-100
"6803186","scaffold41400",60198,60197,"+",2.24346031318706e-07,0.000427815815562569,100
"6803284","scaffold41400",64075,64074,"+",5.09877343906151e-07,0.00078534622281777,100
"6825924","scaffold41480",51479,51478,"+",5.09877343906151e-07,0.00078534622281777,-100
"6831312","scaffold41502",114889,114888,"+",5.75246234150529e-08,0.000154667401949952,-100
"6831827","scaffold41522",12738,12737,"+",7.66994978867368e-08,0.000193274016586984,-100
"6832152","scaffold41522",26157,26156,"+",1.29430402683869e-07,0.000288401446883955,100
"6833763","scaffold41522",77683,77682,"+",4.89482250149904e-07,0.000772222772959213,100
"6837377","scaffold41534",20433,20432,"+",7.66994978867368e-08,0.000193274016586984,-100
"6837756","scaffold41534",38034,38033,"+",4.00617913069118e-07,0.000661900755920457,100
"6837801","scaffold41534",39497,39496,"+",5.16697813210846e-09,2.43854232146254e-05,100
"6839956","scaffold41540",30187,30186,"+",1.79600844164199e-10,1.74078584141846e-06,100
"6855075","scaffold41588",34403,34402,"+",3.69347803889797e-10,3.11637235807455e-06,100
"6883255","scaffold41652",24126,24125,"+",3.21739452174234e-07,0.000560693105728317,100
"6883913","scaffold41652",50396,50395,"+",1.76765041361606e-09,1.06147773999975e-05,-100
"6887207","scaffold41656",100486,100485,"+",1.47353715151859e-08,5.4974412315267e-05,-100
"6929970","scaffold41792",6086,6085,"+",2.42912106285855e-13,6.84988225890899e-09,100
"6937147","scaffold418",16295,16294,"+",1.92296598273177e-07,0.000385715592480511,-100
"6942716","scaffold41806",1328,1327,"+",1.18535587643139e-07,0.000269481607712966,-100
"6979558","scaffold41896",2967,2966,"+",2.46309729139471e-10,2.26231106901075e-06,100
"7033484","scaffold41954",86753,86752,"+",6.4009217327295e-07,0.000936167644113461,-100
"7035521","scaffold41968",47000,46999,"+",5.09877343906151e-07,0.00078534622281777,-100
"7045788","scaffold41974",81238,81237,"+",7.66994978867368e-08,0.000193274016586984,-100
"7053258","scaffold41988",95886,95885,"+",7.66994978867368e-08,0.000193274016586984,100
"7060996","scaffold41998",112432,112431,"+",3.32734195504199e-09,1.74245784489964e-05,100
"7064995","scaffold42",198388,198387,"+",1.88262403903809e-07,0.000382073767409647,-100
"7068556","scaffold42",409572,409571,"+",6.4009217327295e-07,0.000936167644113461,100
"7095083","scaffold42062",141929,141928,"+",1.88262403903809e-07,0.000382073767409647,100
"7100100","scaffold42076",76940,76939,"+",3.20046086636474e-07,0.000558549533594296,-100
"7103083","scaffold42090",42098,42097,"+",5.75246234150529e-08,0.000154667401949952,-100
"7132786","scaffold42158",46991,46990,"+",1.92296598273177e-07,0.000385715592480511,-100
"7142698","scaffold42184",4206,4205,"+",2.67078608712745e-08,8.7728985422641e-05,100
"7179031","scaffold42236",79601,79600,"+",3.0592640634369e-07,0.000540064732186946,-100
"7180554","scaffold42246",26202,26201,"+",5.09877343906151e-07,0.00078534622281777,100
"7224787","scaffold42366",119284,119283,"+",2.24346031318706e-07,0.000427815815562569,100
"7230918","scaffold42380",153246,153245,"+",5.75246234150529e-08,0.000154667401949952,100
"7256465","scaffold42422",115939,115938,"+",4.65675522883759e-08,0.000133979839679789,-100
"7268166","scaffold42448",73048,73047,"+",3.71569111196152e-12,6.91783018065566e-08,-100
"7278148","scaffold42486",17398,17397,"+",2.12118049633927e-09,1.231595364556e-05,100
"7280808","scaffold42486",135418,135417,"+",6.4009217327295e-07,0.000936167644113461,-100
"7285088","scaffold425",130687,130686,"+",1.28934500757877e-08,4.97445278272816e-05,-100
"7306701","scaffold42508",140835,140834,"+",3.0592640634369e-07,0.000540064732186946,100
"7314520","scaffold42524",18207,18206,"+",1.95997273859023e-11,2.83815333077711e-07,100
"7315035","scaffold42524",52528,52527,"+",2.24346031318706e-07,0.000427815815562569,100
"7330556","scaffold42540",118342,118341,"+",1.92296598273176e-07,0.000385715592480511,100
"7373108","scaffold42634",67019,67018,"+",3.28712133800302e-08,0.000102427160910004,-100
"7390650","scaffold42662",93144,93143,"+",1.83058653823272e-08,6.50487316073486e-05,-100
"7401068","scaffold42684",152934,152933,"+",4.00617913069118e-07,0.000661900755920457,100
"7443574","scaffold42776",63645,63644,"+",2.63414571440824e-10,2.36095427934634e-06,-100
"7443575","scaffold42776",63646,63645,"+",4.98546736263789e-08,0.0001400467434149,-100
"7443581","scaffold42776",63699,63698,"+",4.98546736263789e-08,0.0001400467434149,100
"7456297","scaffold42790",100276,100275,"+",1.47353715151859e-08,5.4974412315267e-05,100
"7492502","scaffold42892",70445,70444,"+",8.35004385860535e-09,3.56951913297046e-05,-100
"7492503","scaffold42892",70446,70445,"+",1.29430402683869e-07,0.000288401446883955,-100
"7492506","scaffold42892",70465,70464,"+",2.67078608712745e-08,8.7728985422641e-05,-100
"7492508","scaffold42892",70475,70474,"+",1.92296598273176e-07,0.000385715592480511,-100
"7496679","scaffold42894",17510,17509,"+",1.74469391473792e-09,1.05690568943263e-05,-100
"7504146","scaffold42904",54344,54343,"+",2.32983741229618e-07,0.000439794470806154,-100
"7505052","scaffold42904",105180,105179,"+",2.46309729139471e-10,2.26231106901075e-06,100
"7556011","scaffold43",85659,85658,"+",7.66994978867368e-08,0.000193274016586984,-100
"7587372","scaffold43028",209513,209512,"+",1.88262403903809e-07,0.000382073767409647,100
"7623523","scaffold43074",115549,115548,"+",5.75246234150529e-08,0.000154667401949952,100
"7636945","scaffold43108",15182,15181,"+",4.84841256306119e-09,2.32860546445934e-05,100
"7637032","scaffold43108",18767,18766,"+",6.98951223688852e-08,0.000181592937878392,-100
"7637146","scaffold43108",34157,34156,"+",1.08036815489541e-08,4.36495135622212e-05,-100
"7641663","scaffold43116",81042,81041,"+",3.20046086636474e-07,0.000558549533594296,-100
"7641664","scaffold43116",81043,81042,"+",2.48599483387363e-11,3.4696225143263e-07,-100
"7656839","scaffold43134",127003,127002,"+",4.89482250149905e-07,0.000772222772959213,100
"7671670","scaffold43170",108169,108168,"+",4.84841256306119e-09,2.32860546445934e-05,-100
"7683285","scaffold43184",175855,175854,"+",3.77098754904759e-09,1.90506247648218e-05,-100
"7710562","scaffold432",806817,806816,"+",1.41628094255196e-08,5.36476947335131e-05,-100
"7753462","scaffold43272",8568,8567,"+",2.1336405775765e-07,0.000412943303584464,100
"7772870","scaffold43290",30758,30757,"+",5.09877343906151e-07,0.00078534622281777,100
"7820565","scaffold43314",189883,189882,"+",3.0592640634369e-07,0.000540064732186946,100
"7821117","scaffold43314",222828,222827,"+",3.934113729311e-09,1.97505683948644e-05,100
"7832952","scaffold43344",111169,111168,"+",4.65675522883759e-08,0.000133979839679789,100
"7874947","scaffold43442",11499,11498,"+",4.98546736263792e-08,0.0001400467434149,-100
"7892514","scaffold43452",223880,223879,"+",8.03835129556519e-09,3.45465101727371e-05,100
"7907174","scaffold43520",78965,78964,"+",2.89039979720955e-08,9.29793150251865e-05,100
"7959265","scaffold43574",233197,233196,"+",3.28712133800302e-08,0.000102427160910004,100
"8036682","scaffold43664",243510,243509,"+",4.00617913069118e-07,0.000661900755920457,100
"8037162","scaffold43664",258689,258688,"+",7.08614143832018e-09,3.12908409693056e-05,100
"8057012","scaffold43692",75106,75105,"+",3.28712133800302e-08,0.000102427160910004,100
"8124521","scaffold43782",274210,274209,"+",1.07760506498519e-09,7.27256226260891e-06,100
"8124529","scaffold43782",274319,274318,"+",1.47353715151859e-08,5.4974412315267e-05,100
"8132268","scaffold43786",220396,220395,"+",4.00617913069118e-07,0.000661900755920457,-100
"8171558","scaffold43842",92239,92238,"+",5.75246234150529e-08,0.000154667401949952,100
"8171565","scaffold43842",93034,93033,"+",5.38802532492594e-10,4.19729057886436e-06,100
"8171573","scaffold43842",93065,93064,"+",1.29430402683869e-07,0.000288401446883955,100
"8173328","scaffold43842",173292,173291,"+",3.32833916042312e-08,0.000103244495306191,100
"8189328","scaffold43868",277025,277024,"+",1.47353715151859e-08,5.4974412315267e-05,100
"8197832","scaffold43878",343350,343349,"+",1.78991628038901e-10,1.74078584141846e-06,100
"8210981","scaffold43920",92060,92059,"+",1.92296598273176e-07,0.000385715592480511,100
"8224943","scaffold43932",363361,363360,"+",9.07674664312184e-10,6.38502842865074e-06,-100
"8224992","scaffold43932",365284,365283,"+",8.49225452644508e-18,8.90215655698506e-13,-100
"8242250","scaffold43954",289728,289727,"+",2.52511472675264e-17,2.36430740754591e-12,-100
"8252450","scaffold43956",323656,323655,"+",3.28712133800302e-08,0.000102427160910004,100
"8265393","scaffold43986",139101,139100,"+",1.78991628038901e-10,1.74078584141846e-06,-100
"8274212","scaffold43988",59239,59238,"+",2.46309729139471e-10,2.26231106901075e-06,100
"8291654","scaffold44",441709,441708,"+",1.88262403903809e-07,0.000382073767409647,100
"8305814","scaffold44006",238824,238823,"+",1.88262403903809e-07,0.000382073767409647,-100
"8330677","scaffold44064",50879,50878,"+",1.18535587643139e-07,0.000269481607712966,-100
"8339974","scaffold44098",8046,8045,"+",1.08036815489541e-08,4.36495135622212e-05,-100
"8360407","scaffold443",312704,312703,"+",4.98546736263789e-08,0.0001400467434149,100
"8368646","scaffold443",718634,718633,"+",5.75246234150529e-08,0.000154667401949952,100
"8393798","scaffold445",542909,542908,"+",4.32752510224211e-10,3.55493407795469e-06,100
"8394179","scaffold445",555088,555087,"+",5.09877343906151e-07,0.00078534622281777,100
"8493731","scaffold466",4800,4799,"+",2.24346031318706e-07,0.000427815815562569,100
"8507461","scaffold469",777333,777332,"+",1.44782753478406e-07,0.000314339045744086,-100
"8515884","scaffold471",123611,123610,"+",6.4009217327295e-07,0.000936167644113461,100
"8515885","scaffold471",123612,123611,"+",8.35004385860535e-09,3.56951913297046e-05,100
"8554960","scaffold473",128226,128225,"+",5.09877343906151e-07,0.00078534622281777,100
"8554962","scaffold473",128235,128234,"+",2.24346031318706e-07,0.000427815815562569,100
"8562235","scaffold475",8455,8454,"+",1.01345433994152e-11,1.62355777730294e-07,100
"8591283","scaffold48",563600,563599,"+",2.12118049633927e-09,1.231595364556e-05,100
"8615926","scaffold481",722101,722100,"+",5.09877343906151e-07,0.00078534622281777,100
"8624403","scaffold481",1081974,1081973,"+",6.46358656807141e-11,7.69015531649456e-07,-100
"8634414","scaffold483",147377,147376,"+",7.18403376656793e-10,5.28879973194309e-06,100
"8638078","scaffold484",103355,103354,"+",2.80704330956246e-10,2.49505100461955e-06,100
"8641227","scaffold485",113349,113348,"+",1.28934500757877e-08,4.97445278272816e-05,100
"8652863","scaffold485",488248,488247,"+",4.00617913069118e-07,0.000661900755920457,100
"8714223","scaffold492",443587,443586,"+",1.28934500757877e-08,4.97445278272816e-05,-100
"8741016","scaffold496",475646,475645,"+",1.29430402683869e-07,0.000288401446883955,-100
"8755454","scaffold499",230187,230186,"+",3.62229464396647e-07,0.00061481237038418,100
"8757381","scaffold499",375751,375750,"+",4.00617913069118e-07,0.000661900755920457,100
"8764713","scaffold5",245284,245283,"+",2.25468136673824e-08,7.69981935260662e-05,100
"8772005","scaffold500",94136,94135,"+",7.6201449199161e-08,0.000193138397011582,100
"8772057","scaffold500",98145,98144,"+",1.88262403903809e-07,0.000382073767409647,100
"8772060","scaffold500",98177,98176,"+",1.44782753478406e-07,0.000314339045744086,100
"8776963","scaffold501",120320,120319,"+",1.88262403903809e-07,0.000382073767409647,100
"8827863","scaffold503",102549,102548,"+",1.92296598273176e-07,0.000385715592480511,100
"8837073","scaffold504",249047,249046,"+",1.18535587643139e-07,0.000269481607712966,100
"8854961","scaffold506",408659,408658,"+",4.98546736263789e-08,0.0001400467434149,100
"8860985","scaffold507",75306,75305,"+",4.00617913069118e-07,0.000661900755920457,100
"8892135","scaffold510",220648,220647,"+",5.38802532492594e-10,4.19729057886436e-06,100
"8914499","scaffold514",158178,158177,"+",5.75246234150529e-08,0.000154667401949952,100
"8942223","scaffold522",357977,357976,"+",1.92296598273176e-07,0.000385715592480511,-100
"8943467","scaffold522",422909,422908,"+",1.28934500757877e-08,4.97445278272816e-05,100
"8955141","scaffold524",190208,190207,"+",2.24346031318706e-07,0.000427815815562569,100
"8958974","scaffold524",422213,422212,"+",7.18403376656793e-10,5.28879973194309e-06,100
"8964886","scaffold527",146125,146124,"+",2.89039979720955e-08,9.29793150251865e-05,100
"8971026","scaffold527",451494,451493,"+",1.76765041361606e-09,1.06147773999975e-05,-100
"8979875","scaffold53",416965,416964,"+",2.32983741229618e-07,0.000439794470806154,100
"8980120","scaffold53",447676,447675,"+",4.89482250149904e-07,0.000772222772959213,100
"8994952","scaffold53",979941,979940,"+",4.89482250149905e-07,0.000772222772959213,100
"9004271","scaffold531",159265,159264,"+",1.60361405884654e-11,2.39124912011934e-07,100
"9022364","scaffold535",188744,188743,"+",3.28712133800302e-08,0.000102427160910004,-100
"9032373","scaffold536",10842,10841,"+",2.67078608712745e-08,8.7728985422641e-05,100
"9043005","scaffold54",238848,238847,"+",3.49530873642632e-09,1.79877154498594e-05,100
"9048007","scaffold54",465993,465992,"+",8.5704262478354e-10,6.11344181617215e-06,100
"9099977","scaffold546",41497,41496,"+",3.21739452174234e-07,0.000560693105728317,100
"9101043","scaffold546",76516,76515,"+",3.28712133800302e-08,0.000102427160910004,100
"9132674","scaffold550",112684,112683,"+",3.56521491115484e-08,0.000108807463063599,-100
"9132676","scaffold550",112695,112694,"+",2.32983741229618e-07,0.000439794470806154,-100
"9166529","scaffold560",126993,126992,"+",7.66994978867368e-08,0.000193274016586984,100
"9208903","scaffold569",20111,20110,"+",6.87650670708678e-09,3.05321560755839e-05,100
"9220460","scaffold57",251022,251021,"+",1.29430402683869e-07,0.000288401446883955,-100
"9227860","scaffold57",511349,511348,"+",1.29430402683869e-07,0.000288401446883955,100
"9235262","scaffold575",45215,45214,"+",1.79600844164199e-10,1.74078584141846e-06,-100
"9244493","scaffold576",266614,266613,"+",7.6201449199161e-08,0.000193138397011582,-100
"9251593","scaffold576",556248,556247,"+",3.21739452174234e-07,0.000560693105728317,100
"9262007","scaffold578",263800,263799,"+",1.29430402683869e-07,0.000288401446883955,100
"9263073","scaffold578",317761,317760,"+",3.20046086636475e-07,0.000558549533594296,100
"9263074","scaffold578",317771,317770,"+",6.40705288381449e-07,0.000936354351600055,100
"9283308","scaffold58",683018,683017,"+",2.46309729139471e-10,2.26231106901075e-06,-100
"9323267","scaffold583",705043,705042,"+",1.92296598273176e-07,0.000385715592480511,100
"9325702","scaffold583",834161,834160,"+",2.32983741229618e-07,0.000439794470806154,100
"9334098","scaffold586",211672,211671,"+",1.47353715151859e-08,5.4974412315267e-05,100
"9390292","scaffold592",4475,4474,"+",4.98546736263789e-08,0.0001400467434149,100
"9390301","scaffold592",4647,4646,"+",4.89482250149905e-07,0.000772222772959213,100
"9392201","scaffold592",127052,127051,"+",1.92296598273176e-07,0.000385715592480511,100
"9392202","scaffold592",127078,127077,"+",2.25468136673824e-08,7.69981935260662e-05,100
"9392203","scaffold592",127079,127078,"+",3.07887161424341e-10,2.67502998024921e-06,100
"9447568","scaffold6",314220,314219,"+",1.92296598273176e-07,0.000385715592480511,-100
"9448283","scaffold6",349718,349717,"+",2.24346031318706e-07,0.000427815815562569,-100
"9468900","scaffold601",312400,312399,"+",3.28712133800302e-08,0.000102427160910004,100
"9474188","scaffold601",580930,580929,"+",2.1336405775765e-07,0.000412943303584464,100
"9481056","scaffold601",891978,891977,"+",1.74469391473792e-09,1.05690568943263e-05,100
"9484423","scaffold601",1106732,1106731,"+",1.70854743568386e-07,0.000355191628437667,100
"9520427","scaffold606",242799,242798,"+",2.63414571440824e-10,2.36095427934634e-06,100
"9523405","scaffold608",2307,2306,"+",7.96701046602339e-14,2.65862814362317e-09,-100
"9549671","scaffold610",380834,380833,"+",6.40705288381449e-07,0.000936354351600055,100
"9551858","scaffold610",474352,474351,"+",1.76765041361606e-09,1.06147773999975e-05,100
"9552220","scaffold610",491047,491046,"+",3.0592640634369e-07,0.000540064732186946,100
"9581991","scaffold616",418346,418345,"+",2.24346031318706e-07,0.000427815815562569,100
"9586438","scaffold617",208480,208479,"+",1.18535587643139e-07,0.000269481607712966,100
"9652525","scaffold625",635111,635110,"+",3.28712133800302e-08,0.000102427160910004,100
"9652527","scaffold625",635114,635113,"+",1.15615991888382e-08,4.60556772318066e-05,100
"9657518","scaffold625",834611,834610,"+",8.5704262478354e-10,6.11344181617215e-06,-100
"9721489","scaffold635",148310,148309,"+",2.1336405775765e-07,0.000412943303584464,-100
"9730167","scaffold640",94047,94046,"+",1.47353715151859e-08,5.4974412315267e-05,-100
"9738686","scaffold647",59195,59194,"+",5.09877343906151e-07,0.00078534622281777,-100
"9754307","scaffold658",120108,120107,"+",6.00565534780156e-12,1.0530712802008e-07,-100
"9769423","scaffold659",355957,355956,"+",1.16960137898436e-09,7.70471977462491e-06,100
"9787390","scaffold664",276275,276274,"+",1.92296598273176e-07,0.000385715592480511,-100
"9805986","scaffold67",85336,85335,"+",3.49530873642632e-09,1.79877154498594e-05,-100
"9871120","scaffold678",422183,422182,"+",1.28934500757877e-08,4.97445278272816e-05,100
"9899998","scaffold683",47185,47184,"+",4.00617913069118e-07,0.000661900755920457,-100
"9918974","scaffold694",130524,130523,"+",7.6201449199161e-08,0.000193138397011582,-100
"9929763","scaffold695",432489,432488,"+",5.75246234150529e-08,0.000154667401949952,-100
"9942797","scaffold698",102586,102585,"+",4.89482250149904e-07,0.000772222772959213,-100
"9959467","scaffold70",188567,188566,"+",3.0788716142434e-10,2.67502998024921e-06,100
"9959669","scaffold70",199394,199393,"+",1.88262403903809e-07,0.000382073767409647,100
"9975260","scaffold70",905005,905004,"+",8.35004385860535e-09,3.56951913297046e-05,-100
"10006449","scaffold71",229302,229301,"+",5.09877343906151e-07,0.00078534622281777,100
"10047954","scaffold716",168910,168909,"+",3.20046086636475e-07,0.000558549533594296,-100
"10098025","scaffold723",114736,114735,"+",1.06789691124659e-10,1.15587715195954e-06,100
"10100062","scaffold723",249489,249488,"+",7.75046719816269e-09,3.35183840203716e-05,100
"10112651","scaffold726",78922,78921,"+",4.00617913069118e-07,0.000661900755920457,-100
"10133046","scaffold730",454567,454566,"+",4.9925087406347e-08,0.0001400467434149,100
"10146702","scaffold733",509529,509528,"+",6.40705288381449e-07,0.000936354351600055,-100
"10162827","scaffold736",5708,5707,"+",4.89482250149905e-07,0.000772222772959213,100
"10169371","scaffold737",216576,216575,"+",4.49640804735403e-11,5.66845018174581e-07,100
"10177033","scaffold743",78326,78325,"+",2.25468136673824e-08,7.69981935260662e-05,100
"10242193","scaffold756",64527,64526,"+",5.09877343906151e-07,0.00078534622281777,-100
"10290205","scaffold765",223042,223041,"+",8.35004385860535e-09,3.56951913297046e-05,100
"10290826","scaffold765",245638,245637,"+",2.12118049633927e-09,1.231595364556e-05,-100
"10300645","scaffold767",343592,343591,"+",3.28712133800302e-08,0.000102427160910004,100
"10307154","scaffold77",181070,181069,"+",4.00617913069118e-07,0.000661900755920457,100
"10331668","scaffold77",1269387,1269386,"+",2.24346031318706e-07,0.000427815815562569,100
"10341625","scaffold771",85917,85916,"+",3.21739452174234e-07,0.000560693105728317,-100
"10342370","scaffold771",123350,123349,"+",1.92296598273177e-07,0.000385715592480511,-100
"10406217","scaffold784",191334,191333,"+",1.76765041361606e-09,1.06147773999975e-05,-100
"10415930","scaffold784",663408,663407,"+",7.66994978867368e-08,0.000193274016586984,100
"10422473","scaffold786",41650,41649,"+",2.12118049633927e-09,1.231595364556e-05,100
"10434610","scaffold787",267433,267432,"+",1.9269331981397e-08,6.76703604657036e-05,-100
"10459382","scaffold79",579551,579550,"+",3.77098754904759e-09,1.90506247648218e-05,-100
"10475871","scaffold793",32211,32210,"+",4.00617913069118e-07,0.000661900755920457,-100
"10494985","scaffold799",6486,6485,"+",1.88262403903809e-07,0.000382073767409647,100
"10500426","scaffold801",227029,227028,"+",1.28934500757877e-08,4.97445278272816e-05,100
"10525026","scaffold802",401012,401011,"+",3.28712133800302e-08,0.000102427160910004,-100
"10526348","scaffold804",49903,49902,"+",3.0592640634369e-07,0.000540064732186946,-100
"10526349","scaffold804",49924,49923,"+",3.0592640634369e-07,0.000540064732186946,-100
"10531709","scaffold804",364106,364105,"+",5.75246234150529e-08,0.000154667401949952,-100
"10531728","scaffold804",365095,365094,"+",9.64172952881484e-10,6.67842495446927e-06,-100
"10547282","scaffold808",421429,421428,"+",1.74469391473792e-09,1.05690568943263e-05,100
"10566097","scaffold817",7470,7469,"+",1.92296598273177e-07,0.000385715592480511,100
"10594699","scaffold82",830828,830827,"+",7.66994978867368e-08,0.000193274016586984,100
"10630498","scaffold833",144812,144811,"+",5.09877343906151e-07,0.00078534622281777,100
"10646922","scaffold836",16558,16557,"+",2.1336405775765e-07,0.000412943303584464,100
"10654152","scaffold839",53676,53675,"+",1.29430402683869e-07,0.000288401446883955,100
"10693992","scaffold853",85403,85402,"+",4.89482250149904e-07,0.000772222772959213,-100
"10695390","scaffold853",159877,159876,"+",1.01345433994152e-11,1.62355777730294e-07,100
"10695576","scaffold853",172910,172909,"+",1.18535587643139e-07,0.000269481607712966,-100
"10698582","scaffold853",366065,366064,"+",3.0592640634369e-07,0.000540064732186946,-100
"10702108","scaffold854",63176,63175,"+",2.24346031318706e-07,0.000427815815562569,100
"10703479","scaffold854",143646,143645,"+",5.09877343906151e-07,0.00078534622281777,100
"10707756","scaffold854",360947,360946,"+",7.20245436596937e-08,0.000185229135774261,100
"10716804","scaffold857",20031,20030,"+",5.75246234150529e-08,0.000154667401949952,100
"10716805","scaffold857",20032,20031,"+",3.28712133800302e-08,0.000102427160910004,100
"10778895","scaffold867",957765,957764,"+",5.09877343906151e-07,0.00078534622281777,100
"10814900","scaffold880",169594,169593,"+",9.64172952881484e-10,6.67842495446927e-06,100
"10826388","scaffold884",36975,36974,"+",2.67078608712745e-08,8.7728985422641e-05,-100
"10852464","scaffold885",1026231,1026230,"+",1.92296598273177e-07,0.000385715592480511,100
"10855073","scaffold888",71468,71467,"+",4.00617913069118e-07,0.000661900755920457,100
"10862643","scaffold890",56125,56124,"+",1.76765041361606e-09,1.06147773999975e-05,100
"10876155","scaffold892",27361,27360,"+",7.66994978867368e-08,0.000193274016586984,-100
"10891502","scaffold896",82639,82638,"+",3.0592640634369e-07,0.000540064732186946,-100
"10902004","scaffold896",491211,491210,"+",3.97759173419781e-11,5.08081410839623e-07,100
"10943252","scaffold914",210706,210705,"+",2.25468136673824e-08,7.69981935260662e-05,-100
"10943254","scaffold914",210737,210736,"+",2.39678313354947e-09,1.34231871589991e-05,-100
"10943588","scaffold914",233696,233695,"+",5.09877343906151e-07,0.00078534622281777,100
"10951289","scaffold916",39262,39261,"+",4.00617913069118e-07,0.000661900755920457,-100
"10988442","scaffold930",136457,136456,"+",1.12698432468937e-11,1.77014791208646e-07,-100
"11035301","scaffold942",459084,459083,"+",1.47353715151859e-08,5.4974412315267e-05,100
"11048795","scaffold948",268253,268252,"+",1.79600844164199e-10,1.74078584141846e-06,100
"11076607","scaffold951",27108,27107,"+",4.98546736263792e-08,0.0001400467434149,100
"11093943","scaffold955",127597,127596,"+",4.89482250149905e-07,0.000772222772959213,100
"11187943","scaffold973",641207,641206,"+",1.03544322147095e-07,0.000243617467309552,100
"11209613","scaffold977",186294,186293,"+",1.92296598273176e-07,0.000385715592480511,100
"11233734","scaffold980",545061,545060,"+",3.77098754904759e-09,1.90506247648218e-05,100
"11243999","scaffold985",23205,23204,"+",3.0592640634369e-07,0.000540064732186946,100
"11244001","scaffold985",23207,23206,"+",1.29430402683869e-07,0.000288401446883955,100
"11244010","scaffold985",23477,23476,"+",2.24346031318706e-07,0.000427815815562569,100
"11244011","scaffold985",23478,23477,"+",4.98546736263789e-08,0.0001400467434149,100
"11244551","scaffold985",46859,46858,"+",4.31042025994075e-10,3.54692541749767e-06,-100
"11278070","scaffold993",145280,145279,"+",3.0592640634369e-07,0.000540064732186946,-100
